-- Delete existing data if clean environment is required
-- For local development, can also run down docker-compose down -v from ffc-pay-statement-data service to acheive the same
DELETE FROM public.organisations;
DELETE FROM public.fundings;
DELETE FROM public.calculations;

-- Insert organisations, important to note for non production environments, the email address must one setup in our GOV.UK Notify account
INSERT INTO public.organisations (sbi, "addressLine1", "addressLine2", "addressLine3", city, county, postcode, "emailAddress", frn, name, updated)
VALUES
  (107654348,'YATE FOLD FARM','CHORLEY OLD ROAD','HORWICH','BOLTON',null,'BL6 6QA','mail@yatefold.co.uk',1102316415,'YATE FOLD FARM LTD',to_date('08-JAN-23','DD-MON-RR'),to_date('08-JAN-23','DD-MON-RR'),to_date('15-DEC-99','DD-MON-RR'),'N'),
  (106938348,'CHUBBS FARM',null,'ALSTON','AXMINSTER',null,'EX13 7LG','philip.short1@btinternet.com',1102868280,'short bros and son',to_date('08-JAN-23','DD-MON-RR'),to_date('08-JAN-23','DD-MON-RR'),to_date('15-DEC-99','DD-MON-RR'),'N'),
  (108818427,'EDMUNDS SHIPPERIDGE','STOCKHILL','COLEFORD','RADSTOCK',null,'BA3 5RR','bridgettekossy@outlook.com',1102353094,'B and R Kossakowski',to_date('08-JAN-23','DD-MON-RR'),to_date('08-JAN-23','DD-MON-RR'),to_date('15-DEC-99','DD-MON-RR'),'N'),
  (111834888,'BENTLEY MANOR','CHURCH ROAD','LITTLE BENTLEY','COLCHESTER',null,'CO7 8SE','nigel@garden-shows.com',1101777400,'Nigel G & Wendy J Dyson',to_date('08-JAN-23','DD-MON-RR'),to_date('08-JAN-23','DD-MON-RR'),to_date('15-DEC-99','DD-MON-RR'),'N'),
  (200059721,'NORTH LYNN MANOR',null,'LYNN','NEWPORT',null,'TF10 9BB','daviesbm@hotmail.co.uk',1104023547,'North lynn limited',to_date('08-JAN-23','DD-MON-RR'),to_date('08-JAN-23','DD-MON-RR'),to_date('15-DEC-99','DD-MON-RR'),'N'),
  (121646233,'HOLLIN HILL FARM','SCUGDALE','SWAINBY','NORTHALLERTON',null,'DL6 3DT','daniel_sayers60@hotmail.com',1102073601,'Valleyfield Farming',to_date('08-JAN-23','DD-MON-RR'),to_date('08-JAN-23','DD-MON-RR'),to_date('15-DEC-99','DD-MON-RR'),'N'),
  (115109162,'CORRAN FARM',null,'ST. EWE','ST. AUSTELL',null,'PL26 6ER','terry@corranfarm.co.uk',1102571296,'TJ Lobb & Son',to_date('08-JAN-23','DD-MON-RR'),to_date('08-JAN-23','DD-MON-RR'),to_date('15-DEC-99','DD-MON-RR'),'N'),
  (120007250,'NORTHWOOD COTTAGE','COURTHILL FARM ROAD','SLINDON','ARUNDEL',null,'BN18 0RL','courthillfarm@gmail.com',1102533777,'P & M Crawley T/A Milkminers',to_date('08-JAN-23','DD-MON-RR'),to_date('08-JAN-23','DD-MON-RR'),to_date('15-DEC-99','DD-MON-RR'),'N'),
  (200241697,'CARLCROFT FARM',null,'HARBOTTLE','MORPETH',null,'NE65 7DD','markdayproshep@gmail.com',1104459981,'Mr Mark Day',to_date('08-JAN-23','DD-MON-RR'),to_date('08-JAN-23','DD-MON-RR'),to_date('15-DEC-99','DD-MON-RR'),'N'),
  (108249246,'YEWS FARM','30 RUGBY ROAD','PAILTON','RUGBY',null,'CV23 0QH','grahamhoggard@outlook.com',1101629010,'Yews Farm Pailton Deer',to_date('08-JAN-23','DD-MON-RR'),to_date('08-JAN-23','DD-MON-RR'),to_date('15-DEC-99','DD-MON-RR'),'N'),
  (108392285,'NEW CLOSE FARM',null,'SOUTH BARROW','YEOVIL',null,'BA22 7LF','richard.harvey65@tiscali.co.uk',1101699825,'Mrs P Dauncey',to_date('08-JAN-23','DD-MON-RR'),to_date('08-JAN-23','DD-MON-RR'),to_date('15-DEC-99','DD-MON-RR'),'N'),
  (106582098,'RECTORY FARM','A10 MILTON BYPASS','MILTON','CAMBRIDGE',null,'CB24 6AE','rob@rectoryfarmshop.co.uk',1101879637,'CHAPMAN, R H',to_date('08-JAN-23','DD-MON-RR'),to_date('08-JAN-23','DD-MON-RR'),to_date('15-DEC-99','DD-MON-RR'),'N'),
  (106817558,'NEW HOUSE FARM','HOLBROOK LANE','WICK','BRISTOL',null,'BS30 5NG','tim.hector@cooperandtanner.co.uk',1100054537,'Mrs E Hull and Sons',to_date('16-JAN-23','DD-MON-RR'),to_date('16-JAN-23','DD-MON-RR'),to_date('15-DEC-99','DD-MON-RR'),'Y'),
  (107118291,'The Estate Office','Egglestone Abbey','Abbey Lane','BARNARD CASTLE','County Durham','DL12 9TN','williamsalvin@whtsalvin.co.uk',1102377058,'Strathmore English Estates',to_date('16-JAN-23','DD-MON-RR'),to_date('16-JAN-23','DD-MON-RR'),to_date('15-DEC-99','DD-MON-RR'),'Y'),
  (106852596,'LENARDS COTTAGE','LENARDS ROAD','NORTHAM','BIDEFORD',null,'EX39 1AS',null,1102709824,'K N ALLIN & SON',to_date('16-JAN-23','DD-MON-RR'),to_date('16-JAN-23','DD-MON-RR'),to_date('15-DEC-99','DD-MON-RR'),'Y'),
  (113348725,'Romansleigh',null,null,'SOUTH MOLTON','Devon','EX36 4JP',null,1100090282,'Glebe Farm',to_date('16-JAN-23','DD-MON-RR'),to_date('16-JAN-23','DD-MON-RR'),to_date('15-DEC-99','DD-MON-RR'),'Y'),
  (106863522,'GREAT BECOTT','STOKE RIVERS',null,'BARNSTAPLE',null,'EX32 7PB','matthew@landsense.co.uk',1101139188,'LEWIS DENNIS PARTNERSHIP',to_date('16-JAN-23','DD-MON-RR'),to_date('16-JAN-23','DD-MON-RR'),to_date('15-DEC-99','DD-MON-RR'),'Y'),
  (107123675,'C/O Tom Fisher','Brackenberry','Bringsty Common','WORCESTER',null,'WR6 5UN','tomfisher52@gmail.com',1102464120,'BRINGSTY COMMON MANORIAL COURT',to_date('16-JAN-23','DD-MON-RR'),to_date('16-JAN-23','DD-MON-RR'),to_date('15-DEC-99','DD-MON-RR'),'Y'),
  (107129546,'GSC GRAYS','5-6 BAILEY COURT','COLBURN BUSINESS PARK','RICHMOND','Lincolnshire','DL9 4QL','PSP@gscgrays.co.uk',1102454311,'LOW ROW PASTURE COMMITTEE',to_date('16-JAN-23','DD-MON-RR'),to_date('16-JAN-23','DD-MON-RR'),to_date('15-DEC-99','DD-MON-RR'),'Y'),
  (107633912,'Ashwell Grange','Stroat',null,'CHEPSTOW','Gwent','NP16 7LS','steve@reecer.co.uk',1100708634,'E.W. REECE & SON',to_date('16-JAN-23','DD-MON-RR'),to_date('16-JAN-23','DD-MON-RR'),to_date('15-DEC-99','DD-MON-RR'),'Y'),
  (113400606,'LEAT FARM',null,'WITHERIDGE','TIVERTON',null,'EX16 8QH','pmunnery@gmail.com',1102466972,'P & J Munnery',to_date('16-JAN-23','DD-MON-RR'),to_date('16-JAN-23','DD-MON-RR'),to_date('15-DEC-99','DD-MON-RR'),'Y'),
  (106211088,'HAREHOPE FARMS LTD  EAST LILBURN FARM HOUSE',null,'EAST LILBURN','ALNWICK',null,'NE66 4ED','johnwrangham@btconnect.com',1102251313,'HAREHOPE FARMS LTD',to_date('16-JAN-23','DD-MON-RR'),to_date('16-JAN-23','DD-MON-RR'),to_date('15-DEC-99','DD-MON-RR'),'Y'),
  (106814748,'RIGG FARM','LUNEDALE','MIDDLETON-IN-TEESDALE','BARNARD CASTLE',null,'DL12 0NX',null,1102865958,'G C & K J WHITE & SON',to_date('16-JAN-23','DD-MON-RR'),to_date('16-JAN-23','DD-MON-RR'),to_date('15-DEC-99','DD-MON-RR'),'Y'),
  (106850253,'HAYNETOWN FARM',null,'CHITTLEHAMHOLT','UMBERLEIGH',null,'EX37 9PE','haynetown@mail.com',1102498955,'N D & M K HILL',to_date('16-JAN-23','DD-MON-RR'),to_date('16-JAN-23','DD-MON-RR'),to_date('15-DEC-99','DD-MON-RR'),'Y');

-- Insert calculations with calculationId as PK.  All schemes can be hard coded to SFI for now.
INSERT INTO public.calculations ("calculationId" ,sbi ,frn ,"calculationDate" ,"invoiceNumber" ,scheme ,updated)
VALUES
  (108528676,108249246,1101629010,to_date('21-SEP-22','DD-MON-RR'),'SFI00797111','80112',to_date('08-JAN-23','DD-MON-RR')),
(108528653,106582098,1101879637,to_date('21-SEP-22','DD-MON-RR'),'SFI00797107','80101',to_date('08-JAN-23','DD-MON-RR')),
(108528702,115109162,1102571296,to_date('21-SEP-22','DD-MON-RR'),'SFI00797114','80112',to_date('08-JAN-23','DD-MON-RR')),
(108528711,120007250,1102533777,to_date('21-SEP-22','DD-MON-RR'),'SFI00797116','80102',to_date('08-JAN-23','DD-MON-RR')),
(108528671,107654348,1102316415,to_date('21-SEP-22','DD-MON-RR'),'SFI00797112','80111',to_date('08-JAN-23','DD-MON-RR')),
(108528692,108392285,1101699825,to_date('21-SEP-22','DD-MON-RR'),'SFI00797108','80111',to_date('08-JAN-23','DD-MON-RR')),
(108528701,111834888,1101777400,to_date('21-SEP-22','DD-MON-RR'),'SFI00797110','80111',to_date('08-JAN-23','DD-MON-RR')),
(108528701,111834888,1101777400,to_date('21-SEP-22','DD-MON-RR'),'SFI00797110','80112',to_date('08-JAN-23','DD-MON-RR')),
(108528702,115109162,1102571296,to_date('21-SEP-22','DD-MON-RR'),'SFI00797114','80111',to_date('08-JAN-23','DD-MON-RR')),
(108528664,106938348,1102868280,to_date('21-SEP-22','DD-MON-RR'),'SFI00797109','80112',to_date('08-JAN-23','DD-MON-RR')),
(108529983,200241697,1104459981,to_date('21-SEP-22','DD-MON-RR'),'SFI00797158','80111',to_date('08-JAN-23','DD-MON-RR')),
(108528702,115109162,1102571296,to_date('21-SEP-22','DD-MON-RR'),'SFI00797114','80101',to_date('08-JAN-23','DD-MON-RR')),
(108529907,200059721,1104023547,to_date('21-SEP-22','DD-MON-RR'),'SFI00797157','80101',to_date('08-JAN-23','DD-MON-RR')),
(108528723,121646233,1102073601,to_date('21-SEP-22','DD-MON-RR'),'SFI00797113','80112',to_date('08-JAN-23','DD-MON-RR')),
(108528699,108818427,1102353094,to_date('21-SEP-22','DD-MON-RR'),'SFI00797115','80112',to_date('08-JAN-23','DD-MON-RR')),
(108529983,200241697,1104459981,to_date('21-SEP-22','DD-MON-RR'),'SFI00797158','80121',to_date('08-JAN-23','DD-MON-RR')),
(109939232,106211088,1102251313,to_date('08-JAN-23','DD-MON-RR'),'SFI00797283','80111',to_date('16-JAN-23','DD-MON-RR')),
(109939232,106211088,1102251313,to_date('08-JAN-23','DD-MON-RR'),'SFI00797283','80121',to_date('16-JAN-23','DD-MON-RR')),
(109940244,106814748,1102865958,to_date('13-JAN-23','DD-MON-RR'),'SFI00797324','80111',to_date('16-JAN-23','DD-MON-RR')),
(109939232,106211088,1102251313,to_date('08-JAN-23','DD-MON-RR'),'SFI00797283','80102',to_date('16-JAN-23','DD-MON-RR')),
(109939848,107129546,1102454311,to_date('10-JAN-23','DD-MON-RR'),'SFI00797303','80102',to_date('16-JAN-23','DD-MON-RR')),
(109938898,106852596,1102709824,to_date('07-JAN-23','DD-MON-RR'),'SFI00797280','80111',to_date('16-JAN-23','DD-MON-RR')),
(109940465,107123675,1102464120,to_date('13-JAN-23','DD-MON-RR'),'SFI00797325','80112',to_date('16-JAN-23','DD-MON-RR')),
(109939232,106211088,1102251313,to_date('08-JAN-23','DD-MON-RR'),'SFI00797283','80112',to_date('16-JAN-23','DD-MON-RR')),
(109938892,106863522,1101139188,to_date('07-JAN-23','DD-MON-RR'),'SFI00797279','80101',to_date('16-JAN-23','DD-MON-RR')),
(109938892,106863522,1101139188,to_date('07-JAN-23','DD-MON-RR'),'SFI00797279','80112',to_date('16-JAN-23','DD-MON-RR')),
(109938900,107633912,1100708634,to_date('07-JAN-23','DD-MON-RR'),'SFI00797281','80111',to_date('16-JAN-23','DD-MON-RR')),
(109938894,106850253,1102498955,to_date('07-JAN-23','DD-MON-RR'),'SFI00797277','80101',to_date('16-JAN-23','DD-MON-RR')),
(109938943,113348725,1100090282,to_date('08-JAN-23','DD-MON-RR'),'SFI00797257','80112',to_date('16-JAN-23','DD-MON-RR')),
(109940103,107118291,1102377058,to_date('13-JAN-23','DD-MON-RR'),'SFI00797321','80121',to_date('16-JAN-23','DD-MON-RR')),
(109939848,107129546,1102454311,to_date('10-JAN-23','DD-MON-RR'),'SFI00797303','80111',to_date('16-JAN-23','DD-MON-RR')),
(109938898,106852596,1102709824,to_date('07-JAN-23','DD-MON-RR'),'SFI00797280','80112',to_date('16-JAN-23','DD-MON-RR')),
(109938890,106817558,1100054537,to_date('07-JAN-23','DD-MON-RR'),'SFI00797282','80112',to_date('16-JAN-23','DD-MON-RR')),
(109938896,113400606,1102466972,to_date('07-JAN-23','DD-MON-RR'),'SFI00797278','80112',to_date('16-JAN-23','DD-MON-RR')),
(109938900,107633912,1100708634,to_date('07-JAN-23','DD-MON-RR'),'SFI00797281','80101',to_date('16-JAN-23','DD-MON-RR')),
(109938900,107633912,1100708634,to_date('07-JAN-23','DD-MON-RR'),'SFI00797281','80102',to_date('16-JAN-23','DD-MON-RR')),
(109939232,106211088,1102251313,to_date('08-JAN-23','DD-MON-RR'),'SFI00797283','80101',to_date('16-JAN-23','DD-MON-RR')),
(108529983,200241697,1104459981,to_date('21-SEP-22','DD-MON-RR'),'SFI00797158','80190',to_date('17-JAN-23','DD-MON-RR')),
(109939232,106211088,1102251313,to_date('08-JAN-23','DD-MON-RR'),'SFI00797283','80190',to_date('17-JAN-23','DD-MON-RR')),
(109940103,107118291,1102377058,to_date('13-JAN-23','DD-MON-RR'),'SFI00797321','80190',to_date('17-JAN-23','DD-MON-RR')),
(108528692,108392285,1101699825,to_date('21-SEP-22','DD-MON-RR'),'SFI00797108','80195',to_date('17-JAN-23','DD-MON-RR')),
(109938900,107633912,1100708634,to_date('07-JAN-23','DD-MON-RR'),'SFI00797281','80195',to_date('17-JAN-23','DD-MON-RR')),
(108529907,200059721,1104023547,to_date('21-SEP-22','DD-MON-RR'),'SFI00797157','80195',to_date('17-JAN-23','DD-MON-RR')),
(108528702,115109162,1102571296,to_date('21-SEP-22','DD-MON-RR'),'SFI00797114','80195',to_date('17-JAN-23','DD-MON-RR')),
(109939848,107129546,1102454311,to_date('10-JAN-23','DD-MON-RR'),'SFI00797303','80195',to_date('17-JAN-23','DD-MON-RR')),
(108529983,200241697,1104459981,to_date('21-SEP-22','DD-MON-RR'),'SFI00797158','80195',to_date('17-JAN-23','DD-MON-RR')),
(109939232,106211088,1102251313,to_date('08-JAN-23','DD-MON-RR'),'SFI00797283','80195',to_date('17-JAN-23','DD-MON-RR')),
(109938898,106852596,1102709824,to_date('07-JAN-23','DD-MON-RR'),'SFI00797280','80195',to_date('17-JAN-23','DD-MON-RR')),
(108528701,111834888,1101777400,to_date('21-SEP-22','DD-MON-RR'),'SFI00797110','80195',to_date('17-JAN-23','DD-MON-RR')),
(108528653,106582098,1101879637,to_date('21-SEP-22','DD-MON-RR'),'SFI00797107','80195',to_date('17-JAN-23','DD-MON-RR')),
(108528723,121646233,1102073601,to_date('21-SEP-22','DD-MON-RR'),'SFI00797113','80195',to_date('17-JAN-23','DD-MON-RR')),
(109938890,106817558,1100054537,to_date('07-JAN-23','DD-MON-RR'),'SFI00797282','80195',to_date('17-JAN-23','DD-MON-RR')),
(109938892,106863522,1101139188,to_date('07-JAN-23','DD-MON-RR'),'SFI00797279','80195',to_date('17-JAN-23','DD-MON-RR')),
(109938896,113400606,1102466972,to_date('07-JAN-23','DD-MON-RR'),'SFI00797278','80195',to_date('17-JAN-23','DD-MON-RR')),
(108528711,120007250,1102533777,to_date('21-SEP-22','DD-MON-RR'),'SFI00797116','80195',to_date('17-JAN-23','DD-MON-RR')),
(108528664,106938348,1102868280,to_date('21-SEP-22','DD-MON-RR'),'SFI00797109','80195',to_date('17-JAN-23','DD-MON-RR')),
(108528699,108818427,1102353094,to_date('21-SEP-22','DD-MON-RR'),'SFI00797115','80195',to_date('17-JAN-23','DD-MON-RR')),
(108528671,107654348,1102316415,to_date('21-SEP-22','DD-MON-RR'),'SFI00797112','80195',to_date('17-JAN-23','DD-MON-RR')),
(109940465,107123675,1102464120,to_date('13-JAN-23','DD-MON-RR'),'SFI00797325','80195',to_date('17-JAN-23','DD-MON-RR')),
(109940103,107118291,1102377058,to_date('13-JAN-23','DD-MON-RR'),'SFI00797321','80195',to_date('17-JAN-23','DD-MON-RR')),
(108528676,108249246,1101629010,to_date('21-SEP-22','DD-MON-RR'),'SFI00797111','80195',to_date('17-JAN-23','DD-MON-RR')),
(109938943,113348725,1100090282,to_date('08-JAN-23','DD-MON-RR'),'SFI00797257','80195',to_date('17-JAN-23','DD-MON-RR')),
(109938894,106850253,1102498955,to_date('07-JAN-23','DD-MON-RR'),'SFI00797277','80195',to_date('17-JAN-23','DD-MON-RR')),
(109940244,106814748,1102865958,to_date('13-JAN-23','DD-MON-RR'),'SFI00797324','80195',to_date('17-JAN-23','DD-MON-RR'));

-- Insert funding with calculationId as FK to calculations table.  One calculation will have 1 or more funding records.
-- There is a PK fundingId field in this table, but it is set to auto increment, so no need to populate it.
-- areaClaimed is set to precision 4dp and rate is 6dp, though current SFI rates are only 2dp, Postgres will automatically add full precision values
INSERT INTO public.fundings ("fundingCode", "calculationId", "areaClaimed", rate)
VALUES
  ('80102',108528711,146.19,40),
('80101',108528702,34.08,22),
('80112',108528699,6.3,58),
('80121',108529983,454.08,10.3),
('80112',108528701,3.83,58),
('80111',108528702,5.26,28),
('80101',108529907,38.86,22),
('80112',108528664,57.21,58),
('80112',108528702,38.27,58),
('80111',108528671,82.18,28),
('80111',108528692,18.71,28),
('80111',108529983,12.59,28),
('80112',108528676,72.69,58),
('80101',108528653,111.66,22),
('80111',108528701,1.27,28),
('80112',108528723,10.89,58),
('80111',109938898,28.62,28),
('80102',109939232,70.77,40),
('80101',109938894,9.16,22),
('80111',109940244,2.09,28),
('80101',109938900,14.19,22),
('80102',109938900,30.22,40),
('80112',109938892,39.02,58),
('80112',109938896,16.25,58),
('80112',109939232,44.12,58),
('80121',109939232,1461.14,10.3),
('80102',109939848,0.17,40),
('80112',109938898,5.26,58),
('80121',109940103,3859.98,10.3),
('80101',109939232,26.12,22),
('80112',109938890,31.77,58),
('80101',109938892,12.07,22),
('80111',109938900,3.39,28),
('80111',109939232,28.84,28),
('80112',109938943,20.09,58),
('80111',109939848,3.72,28),
('80112',109940465,30.05,58),
('80190',108529983,0,0),
('80190',109940103,0,0),
('80190',109939232,0,0),
('80195',108528676,72.69,6.15),
('80195',109938900,47.8,6.15),
('80195',108528701,5.1,6.15),
('80195',108528664,57.21,6.15),
('80195',108528653,111.66,6.15),
('80195',108528692,18.71,6.15),
('80195',108528699,6.3,6.15),
('80195',109939232,1630.99,6.15),
('80195',109938890,31.77,6.15),
('80195',109938894,9.16,6.15),
('80195',109940244,2.09,6.15),
('80195',108529983,466.67,6.15),
('80195',109938898,33.88,6.15),
('80195',108528723,10.89,6.15),
('80195',109938896,16.25,6.15),
('80195',108528671,82.18,6.15,to_date('17-JAN-23','DD-MON-RR')),
('80195',108528702,77.61,6.15,to_date('17-JAN-23','DD-MON-RR')),
('80195',109940465,30.05,6.15,to_date('17-JAN-23','DD-MON-RR')),
('80195',109940103,3859.98,6.15,to_date('17-JAN-23','DD-MON-RR')),
('80195',108529907,38.86,6.15,to_date('17-JAN-23','DD-MON-RR')),
('80195',108528711,146.19,6.15,to_date('17-JAN-23','DD-MON-RR')),
('80195',109938943,20.09,6.15,to_date('17-JAN-23','DD-MON-RR')),
('80195',109939848,3.89,6.15,to_date('17-JAN-23','DD-MON-RR')),
('80195',109938892,51.09,6.15,to_date('17-JAN-23','DD-MON-RR'));

