INSERT INTO public.organisations (sbi, "addressLine1", "addressLine2", "addressLine3", city, county, postcode, "emailAddress", frn, name, updated) VALUES
(123000001, 'Street', 'Area', 'District', 'City', 'County', 'AA1 1BB', 'documents.performance.test@gmail.com', 1234000001, 'Performance farm1', '2025-06-19T08:03:13.594Z'),
(123000002, 'Street', 'Area', 'District', 'City', 'County', 'AA1 1BB', 'documents.performance.test@gmail.com', 1234000002, 'Performance farm2', '2025-06-19T08:03:13.594Z'),
(123000003, 'Street', 'Area', 'District', 'City', 'County', 'AA1 1BB', 'documents.performance.test@gmail.com', 1234000003, 'Performance farm3', '2025-06-19T08:03:13.594Z'),
(123000004, 'Street', 'Area', 'District', 'City', 'County', 'AA1 1BB', 'documents.performance.test@gmail.com', 1234000004, 'Performance farm4', '2025-06-19T08:03:13.594Z'),
(123000005, 'Street', 'Area', 'District', 'City', 'County', 'AA1 1BB', 'documents.performance.test@gmail.com', 1234000005, 'Performance farm5', '2025-06-19T08:03:13.594Z'),
(123000006, 'Street', 'Area', 'District', 'City', 'County', 'AA1 1BB', 'documents.performance.test@gmail.com', 1234000006, 'Performance farm6', '2025-06-19T08:03:13.594Z'),
(123000007, 'Street', 'Area', 'District', 'City', 'County', 'AA1 1BB', 'documents.performance.test@gmail.com', 1234000007, 'Performance farm7', '2025-06-19T08:03:13.594Z'),
(123000008, 'Street', 'Area', 'District', 'City', 'County', 'AA1 1BB', 'documents.performance.test@gmail.com', 1234000008, 'Performance farm8', '2025-06-19T08:03:13.594Z'),
(123000009, 'Street', 'Area', 'District', 'City', 'County', 'AA1 1BB', 'documents.performance.test@gmail.com', 1234000009, 'Performance farm9', '2025-06-19T08:03:13.594Z'),
(123000010, 'Street', 'Area', 'District', 'City', 'County', 'AA1 1BB', 'documents.performance.test@gmail.com', 1234000010, 'Performance farm10', '2025-06-19T08:03:13.594Z'),
(123000011, 'Street', 'Area', 'District', 'City', 'County', 'AA1 1BB', 'documents.performance.test@gmail.com', 1234000011, 'Performance farm11', '2025-06-19T08:03:13.594Z'),
(123000012, 'Street', 'Area', 'District', 'City', 'County', 'AA1 1BB', 'documents.performance.test@gmail.com', 1234000012, 'Performance farm12', '2025-06-19T08:03:13.594Z'),
(123000013, 'Street', 'Area', 'District', 'City', 'County', 'AA1 1BB', 'documents.performance.test@gmail.com', 1234000013, 'Performance farm13', '2025-06-19T08:03:13.594Z'),
(123000014, 'Street', 'Area', 'District', 'City', 'County', 'AA1 1BB', 'documents.performance.test@gmail.com', 1234000014, 'Performance farm14', '2025-06-19T08:03:13.594Z'),
(123000015, 'Street', 'Area', 'District', 'City', 'County', 'AA1 1BB', 'documents.performance.test@gmail.com', 1234000015, 'Performance farm15', '2025-06-19T08:03:13.594Z'),
(123000016, 'Street', 'Area', 'District', 'City', 'County', 'AA1 1BB', 'documents.performance.test@gmail.com', 1234000016, 'Performance farm16', '2025-06-19T08:03:13.594Z'),
(123000017, 'Street', 'Area', 'District', 'City', 'County', 'AA1 1BB', 'documents.performance.test@gmail.com', 1234000017, 'Performance farm17', '2025-06-19T08:03:13.594Z'),
(123000018, 'Street', 'Area', 'District', 'City', 'County', 'AA1 1BB', 'documents.performance.test@gmail.com', 1234000018, 'Performance farm18', '2025-06-19T08:03:13.594Z'),
(123000019, 'Street', 'Area', 'District', 'City', 'County', 'AA1 1BB', 'documents.performance.test@gmail.com', 1234000019, 'Performance farm19', '2025-06-19T08:03:13.594Z'),
(123000020, 'Street', 'Area', 'District', 'City', 'County', 'AA1 1BB', 'documents.performance.test@gmail.com', 1234000020, 'Performance farm20', '2025-06-19T08:03:13.594Z'),
(123000021, 'Street', 'Area', 'District', 'City', 'County', 'AA1 1BB', 'documents.performance.test@gmail.com', 1234000021, 'Performance farm21', '2025-06-19T08:03:13.594Z'),
(123000022, 'Street', 'Area', 'District', 'City', 'County', 'AA1 1BB', 'documents.performance.test@gmail.com', 1234000022, 'Performance farm22', '2025-06-19T08:03:13.594Z'),
(123000023, 'Street', 'Area', 'District', 'City', 'County', 'AA1 1BB', 'documents.performance.test@gmail.com', 1234000023, 'Performance farm23', '2025-06-19T08:03:13.594Z'),
(123000024, 'Street', 'Area', 'District', 'City', 'County', 'AA1 1BB', 'documents.performance.test@gmail.com', 1234000024, 'Performance farm24', '2025-06-19T08:03:13.594Z'),
(123000025, 'Street', 'Area', 'District', 'City', 'County', 'AA1 1BB', 'documents.performance.test@gmail.com', 1234000025, 'Performance farm25', '2025-06-19T08:03:13.594Z'),
(123000026, 'Street', 'Area', 'District', 'City', 'County', 'AA1 1BB', 'documents.performance.test@gmail.com', 1234000026, 'Performance farm26', '2025-06-19T08:03:13.594Z'),
(123000027, 'Street', 'Area', 'District', 'City', 'County', 'AA1 1BB', 'documents.performance.test@gmail.com', 1234000027, 'Performance farm27', '2025-06-19T08:03:13.594Z'),
(123000028, 'Street', 'Area', 'District', 'City', 'County', 'AA1 1BB', 'documents.performance.test@gmail.com', 1234000028, 'Performance farm28', '2025-06-19T08:03:13.594Z'),
(123000029, 'Street', 'Area', 'District', 'City', 'County', 'AA1 1BB', 'documents.performance.test@gmail.com', 1234000029, 'Performance farm29', '2025-06-19T08:03:13.594Z'),
(123000030, 'Street', 'Area', 'District', 'City', 'County', 'AA1 1BB', 'documents.performance.test@gmail.com', 1234000030, 'Performance farm30', '2025-06-19T08:03:13.594Z'),
(123000031, 'Street', 'Area', 'District', 'City', 'County', 'AA1 1BB', 'documents.performance.test@gmail.com', 1234000031, 'Performance farm31', '2025-06-19T08:03:13.594Z'),
(123000032, 'Street', 'Area', 'District', 'City', 'County', 'AA1 1BB', 'documents.performance.test@gmail.com', 1234000032, 'Performance farm32', '2025-06-19T08:03:13.594Z'),
(123000033, 'Street', 'Area', 'District', 'City', 'County', 'AA1 1BB', 'documents.performance.test@gmail.com', 1234000033, 'Performance farm33', '2025-06-19T08:03:13.594Z'),
(123000034, 'Street', 'Area', 'District', 'City', 'County', 'AA1 1BB', 'documents.performance.test@gmail.com', 1234000034, 'Performance farm34', '2025-06-19T08:03:13.594Z'),
(123000035, 'Street', 'Area', 'District', 'City', 'County', 'AA1 1BB', 'documents.performance.test@gmail.com', 1234000035, 'Performance farm35', '2025-06-19T08:03:13.594Z'),
(123000036, 'Street', 'Area', 'District', 'City', 'County', 'AA1 1BB', 'documents.performance.test@gmail.com', 1234000036, 'Performance farm36', '2025-06-19T08:03:13.594Z'),
(123000037, 'Street', 'Area', 'District', 'City', 'County', 'AA1 1BB', 'documents.performance.test@gmail.com', 1234000037, 'Performance farm37', '2025-06-19T08:03:13.594Z'),
(123000038, 'Street', 'Area', 'District', 'City', 'County', 'AA1 1BB', 'documents.performance.test@gmail.com', 1234000038, 'Performance farm38', '2025-06-19T08:03:13.594Z'),
(123000039, 'Street', 'Area', 'District', 'City', 'County', 'AA1 1BB', 'documents.performance.test@gmail.com', 1234000039, 'Performance farm39', '2025-06-19T08:03:13.594Z'),
(123000040, 'Street', 'Area', 'District', 'City', 'County', 'AA1 1BB', 'documents.performance.test@gmail.com', 1234000040, 'Performance farm40', '2025-06-19T08:03:13.594Z'),
(123000041, 'Street', 'Area', 'District', 'City', 'County', 'AA1 1BB', 'documents.performance.test@gmail.com', 1234000041, 'Performance farm41', '2025-06-19T08:03:13.594Z'),
(123000042, 'Street', 'Area', 'District', 'City', 'County', 'AA1 1BB', 'documents.performance.test@gmail.com', 1234000042, 'Performance farm42', '2025-06-19T08:03:13.594Z'),
(123000043, 'Street', 'Area', 'District', 'City', 'County', 'AA1 1BB', 'documents.performance.test@gmail.com', 1234000043, 'Performance farm43', '2025-06-19T08:03:13.594Z'),
(123000044, 'Street', 'Area', 'District', 'City', 'County', 'AA1 1BB', 'documents.performance.test@gmail.com', 1234000044, 'Performance farm44', '2025-06-19T08:03:13.594Z'),
(123000045, 'Street', 'Area', 'District', 'City', 'County', 'AA1 1BB', 'documents.performance.test@gmail.com', 1234000045, 'Performance farm45', '2025-06-19T08:03:13.594Z'),
(123000046, 'Street', 'Area', 'District', 'City', 'County', 'AA1 1BB', 'documents.performance.test@gmail.com', 1234000046, 'Performance farm46', '2025-06-19T08:03:13.594Z'),
(123000047, 'Street', 'Area', 'District', 'City', 'County', 'AA1 1BB', 'documents.performance.test@gmail.com', 1234000047, 'Performance farm47', '2025-06-19T08:03:13.594Z'),
(123000048, 'Street', 'Area', 'District', 'City', 'County', 'AA1 1BB', 'documents.performance.test@gmail.com', 1234000048, 'Performance farm48', '2025-06-19T08:03:13.594Z'),
(123000049, 'Street', 'Area', 'District', 'City', 'County', 'AA1 1BB', 'documents.performance.test@gmail.com', 1234000049, 'Performance farm49', '2025-06-19T08:03:13.594Z'),
(123000050, 'Street', 'Area', 'District', 'City', 'County', 'AA1 1BB', 'documents.performance.test@gmail.com', 1234000050, 'Performance farm50', '2025-06-19T08:03:13.594Z');

INSERT INTO public."delinkedCalculation" ("applicationId", "calculationId", sbi, frn, "paymentBand1", "paymentBand2", "paymentBand3", "paymentBand4", "percentageReduction1", "percentageReduction2", "percentageReduction3", "percentageReduction4", "progressiveReductions1", "progressiveReductions2", "progressiveReductions3", "progressiveReductions4", "totalProgressiveReduction", "referenceAmount", "totalDelinkedPayment", "paymentAmountCalculated", "datePublished", updated) VALUES
(1234568, 987000001, 123000001, '1234000001', '30000', '50000', '150000', '99999999.99', '50', '55', '65', '70', '15000', '11000', '65000', '35000', '126000', '2000000', '75000', '37500', '2025-06-19T08:03:13.594Z', '2025-06-19T08:04:13.594Z'),
(1234569, 987000002, 123000002, '1234000002', '30000', '50000', '150000', '99999999.99', '50', '55', '65', '70', '15000', '11000', '65000', '35000', '126000', '2000000', '75000', '37500', '2025-06-19T08:03:13.594Z', '2025-06-19T08:04:13.594Z'),
(1234570, 987000003, 123000003, '1234000003', '30000', '50000', '150000', '99999999.99', '50', '55', '65', '70', '15000', '11000', '65000', '35000', '126000', '2000000', '75000', '37500', '2025-06-19T08:03:13.594Z', '2025-06-19T08:04:13.594Z'),
(1234571, 987000004, 123000004, '1234000004', '30000', '50000', '150000', '99999999.99', '50', '55', '65', '70', '15000', '11000', '65000', '35000', '126000', '2000000', '75000', '37500', '2025-06-19T08:03:13.594Z', '2025-06-19T08:04:13.594Z'),
(1234572, 987000005, 123000005, '1234000005', '30000', '50000', '150000', '99999999.99', '50', '55', '65', '70', '15000', '11000', '65000', '35000', '126000', '2000000', '75000', '37500', '2025-06-19T08:03:13.594Z', '2025-06-19T08:04:13.594Z'),
(1234573, 987000006, 123000006, '1234000006', '30000', '50000', '150000', '99999999.99', '50', '55', '65', '70', '15000', '11000', '65000', '35000', '126000', '2000000', '75000', '37500', '2025-06-19T08:03:13.594Z', '2025-06-19T08:04:13.594Z'),
(1234574, 987000007, 123000007, '1234000007', '30000', '50000', '150000', '99999999.99', '50', '55', '65', '70', '15000', '11000', '65000', '35000', '126000', '2000000', '75000', '37500', '2025-06-19T08:03:13.594Z', '2025-06-19T08:04:13.594Z'),
(1234575, 987000008, 123000008, '1234000008', '30000', '50000', '150000', '99999999.99', '50', '55', '65', '70', '15000', '11000', '65000', '35000', '126000', '2000000', '75000', '37500', '2025-06-19T08:03:13.594Z', '2025-06-19T08:04:13.594Z'),
(1234576, 987000009, 123000009, '1234000009', '30000', '50000', '150000', '99999999.99', '50', '55', '65', '70', '15000', '11000', '65000', '35000', '126000', '2000000', '75000', '37500', '2025-06-19T08:03:13.594Z', '2025-06-19T08:04:13.594Z'),
(1234577, 987000010, 123000010, '1234000010', '30000', '50000', '150000', '99999999.99', '50', '55', '65', '70', '15000', '11000', '65000', '35000', '126000', '2000000', '75000', '37500', '2025-06-19T08:03:13.594Z', '2025-06-19T08:04:13.594Z'),
(1234578, 987000011, 123000011, '1234000011', '30000', '50000', '150000', '99999999.99', '50', '55', '65', '70', '15000', '11000', '65000', '35000', '126000', '2000000', '75000', '37500', '2025-06-19T08:03:13.594Z', '2025-06-19T08:04:13.594Z'),
(1234579, 987000012, 123000012, '1234000012', '30000', '50000', '150000', '99999999.99', '50', '55', '65', '70', '15000', '11000', '65000', '35000', '126000', '2000000', '75000', '37500', '2025-06-19T08:03:13.594Z', '2025-06-19T08:04:13.594Z'),
(1234580, 987000013, 123000013, '1234000013', '30000', '50000', '150000', '99999999.99', '50', '55', '65', '70', '15000', '11000', '65000', '35000', '126000', '2000000', '75000', '37500', '2025-06-19T08:03:13.594Z', '2025-06-19T08:04:13.594Z'),
(1234581, 987000014, 123000014, '1234000014', '30000', '50000', '150000', '99999999.99', '50', '55', '65', '70', '15000', '11000', '65000', '35000', '126000', '2000000', '75000', '37500', '2025-06-19T08:03:13.594Z', '2025-06-19T08:04:13.594Z'),
(1234582, 987000015, 123000015, '1234000015', '30000', '50000', '150000', '99999999.99', '50', '55', '65', '70', '15000', '11000', '65000', '35000', '126000', '2000000', '75000', '37500', '2025-06-19T08:03:13.594Z', '2025-06-19T08:04:13.594Z'),
(1234583, 987000016, 123000016, '1234000016', '30000', '50000', '150000', '99999999.99', '50', '55', '65', '70', '15000', '11000', '65000', '35000', '126000', '2000000', '75000', '37500', '2025-06-19T08:03:13.594Z', '2025-06-19T08:04:13.594Z'),
(1234584, 987000017, 123000017, '1234000017', '30000', '50000', '150000', '99999999.99', '50', '55', '65', '70', '15000', '11000', '65000', '35000', '126000', '2000000', '75000', '37500', '2025-06-19T08:03:13.594Z', '2025-06-19T08:04:13.594Z'),
(1234585, 987000018, 123000018, '1234000018', '30000', '50000', '150000', '99999999.99', '50', '55', '65', '70', '15000', '11000', '65000', '35000', '126000', '2000000', '75000', '37500', '2025-06-19T08:03:13.594Z', '2025-06-19T08:04:13.594Z'),
(1234586, 987000019, 123000019, '1234000019', '30000', '50000', '150000', '99999999.99', '50', '55', '65', '70', '15000', '11000', '65000', '35000', '126000', '2000000', '75000', '37500', '2025-06-19T08:03:13.594Z', '2025-06-19T08:04:13.594Z'),
(1234587, 987000020, 123000020, '1234000020', '30000', '50000', '150000', '99999999.99', '50', '55', '65', '70', '15000', '11000', '65000', '35000', '126000', '2000000', '75000', '37500', '2025-06-19T08:03:13.594Z', '2025-06-19T08:04:13.594Z'),
(1234588, 987000021, 123000021, '1234000021', '30000', '50000', '150000', '99999999.99', '50', '55', '65', '70', '15000', '11000', '65000', '35000', '126000', '2000000', '75000', '37500', '2025-06-19T08:03:13.594Z', '2025-06-19T08:04:13.594Z'),
(1234589, 987000022, 123000022, '1234000022', '30000', '50000', '150000', '99999999.99', '50', '55', '65', '70', '15000', '11000', '65000', '35000', '126000', '2000000', '75000', '37500', '2025-06-19T08:03:13.594Z', '2025-06-19T08:04:13.594Z'),
(1234590, 987000023, 123000023, '1234000023', '30000', '50000', '150000', '99999999.99', '50', '55', '65', '70', '15000', '11000', '65000', '35000', '126000', '2000000', '75000', '37500', '2025-06-19T08:03:13.594Z', '2025-06-19T08:04:13.594Z'),
(1234591, 987000024, 123000024, '1234000024', '30000', '50000', '150000', '99999999.99', '50', '55', '65', '70', '15000', '11000', '65000', '35000', '126000', '2000000', '75000', '37500', '2025-06-19T08:03:13.594Z', '2025-06-19T08:04:13.594Z'),
(1234592, 987000025, 123000025, '1234000025', '30000', '50000', '150000', '99999999.99', '50', '55', '65', '70', '15000', '11000', '65000', '35000', '126000', '2000000', '75000', '37500', '2025-06-19T08:03:13.594Z', '2025-06-19T08:04:13.594Z'),
(1234593, 987000026, 123000026, '1234000026', '30000', '50000', '150000', '99999999.99', '50', '55', '65', '70', '15000', '11000', '65000', '35000', '126000', '2000000', '75000', '37500', '2025-06-19T08:03:13.594Z', '2025-06-19T08:04:13.594Z'),
(1234594, 987000027, 123000027, '1234000027', '30000', '50000', '150000', '99999999.99', '50', '55', '65', '70', '15000', '11000', '65000', '35000', '126000', '2000000', '75000', '37500', '2025-06-19T08:03:13.594Z', '2025-06-19T08:04:13.594Z'),
(1234595, 987000028, 123000028, '1234000028', '30000', '50000', '150000', '99999999.99', '50', '55', '65', '70', '15000', '11000', '65000', '35000', '126000', '2000000', '75000', '37500', '2025-06-19T08:03:13.594Z', '2025-06-19T08:04:13.594Z'),
(1234596, 987000029, 123000029, '1234000029', '30000', '50000', '150000', '99999999.99', '50', '55', '65', '70', '15000', '11000', '65000', '35000', '126000', '2000000', '75000', '37500', '2025-06-19T08:03:13.594Z', '2025-06-19T08:04:13.594Z'),
(1234597, 987000030, 123000030, '1234000030', '30000', '50000', '150000', '99999999.99', '50', '55', '65', '70', '15000', '11000', '65000', '35000', '126000', '2000000', '75000', '37500', '2025-06-19T08:03:13.594Z', '2025-06-19T08:04:13.594Z'),
(1234598, 987000031, 123000031, '1234000031', '30000', '50000', '150000', '99999999.99', '50', '55', '65', '70', '15000', '11000', '65000', '35000', '126000', '2000000', '75000', '37500', '2025-06-19T08:03:13.594Z', '2025-06-19T08:04:13.594Z'),
(1234599, 987000032, 123000032, '1234000032', '30000', '50000', '150000', '99999999.99', '50', '55', '65', '70', '15000', '11000', '65000', '35000', '126000', '2000000', '75000', '37500', '2025-06-19T08:03:13.594Z', '2025-06-19T08:04:13.594Z'),
(1234600, 987000033, 123000033, '1234000033', '30000', '50000', '150000', '99999999.99', '50', '55', '65', '70', '15000', '11000', '65000', '35000', '126000', '2000000', '75000', '37500', '2025-06-19T08:03:13.594Z', '2025-06-19T08:04:13.594Z'),
(1234601, 987000034, 123000034, '1234000034', '30000', '50000', '150000', '99999999.99', '50', '55', '65', '70', '15000', '11000', '65000', '35000', '126000', '2000000', '75000', '37500', '2025-06-19T08:03:13.594Z', '2025-06-19T08:04:13.594Z'),
(1234602, 987000035, 123000035, '1234000035', '30000', '50000', '150000', '99999999.99', '50', '55', '65', '70', '15000', '11000', '65000', '35000', '126000', '2000000', '75000', '37500', '2025-06-19T08:03:13.594Z', '2025-06-19T08:04:13.594Z'),
(1234603, 987000036, 123000036, '1234000036', '30000', '50000', '150000', '99999999.99', '50', '55', '65', '70', '15000', '11000', '65000', '35000', '126000', '2000000', '75000', '37500', '2025-06-19T08:03:13.594Z', '2025-06-19T08:04:13.594Z'),
(1234604, 987000037, 123000037, '1234000037', '30000', '50000', '150000', '99999999.99', '50', '55', '65', '70', '15000', '11000', '65000', '35000', '126000', '2000000', '75000', '37500', '2025-06-19T08:03:13.594Z', '2025-06-19T08:04:13.594Z'),
(1234605, 987000038, 123000038, '1234000038', '30000', '50000', '150000', '99999999.99', '50', '55', '65', '70', '15000', '11000', '65000', '35000', '126000', '2000000', '75000', '37500', '2025-06-19T08:03:13.594Z', '2025-06-19T08:04:13.594Z'),
(1234606, 987000039, 123000039, '1234000039', '30000', '50000', '150000', '99999999.99', '50', '55', '65', '70', '15000', '11000', '65000', '35000', '126000', '2000000', '75000', '37500', '2025-06-19T08:03:13.594Z', '2025-06-19T08:04:13.594Z'),
(1234607, 987000040, 123000040, '1234000040', '30000', '50000', '150000', '99999999.99', '50', '55', '65', '70', '15000', '11000', '65000', '35000', '126000', '2000000', '75000', '37500', '2025-06-19T08:03:13.594Z', '2025-06-19T08:04:13.594Z'),
(1234608, 987000041, 123000041, '1234000041', '30000', '50000', '150000', '99999999.99', '50', '55', '65', '70', '15000', '11000', '65000', '35000', '126000', '2000000', '75000', '37500', '2025-06-19T08:03:13.594Z', '2025-06-19T08:04:13.594Z'),
(1234609, 987000042, 123000042, '1234000042', '30000', '50000', '150000', '99999999.99', '50', '55', '65', '70', '15000', '11000', '65000', '35000', '126000', '2000000', '75000', '37500', '2025-06-19T08:03:13.594Z', '2025-06-19T08:04:13.594Z'),
(1234610, 987000043, 123000043, '1234000043', '30000', '50000', '150000', '99999999.99', '50', '55', '65', '70', '15000', '11000', '65000', '35000', '126000', '2000000', '75000', '37500', '2025-06-19T08:03:13.594Z', '2025-06-19T08:04:13.594Z'),
(1234611, 987000044, 123000044, '1234000044', '30000', '50000', '150000', '99999999.99', '50', '55', '65', '70', '15000', '11000', '65000', '35000', '126000', '2000000', '75000', '37500', '2025-06-19T08:03:13.594Z', '2025-06-19T08:04:13.594Z'),
(1234612, 987000045, 123000045, '1234000045', '30000', '50000', '150000', '99999999.99', '50', '55', '65', '70', '15000', '11000', '65000', '35000', '126000', '2000000', '75000', '37500', '2025-06-19T08:03:13.594Z', '2025-06-19T08:04:13.594Z'),
(1234613, 987000046, 123000046, '1234000046', '30000', '50000', '150000', '99999999.99', '50', '55', '65', '70', '15000', '11000', '65000', '35000', '126000', '2000000', '75000', '37500', '2025-06-19T08:03:13.594Z', '2025-06-19T08:04:13.594Z'),
(1234614, 987000047, 123000047, '1234000047', '30000', '50000', '150000', '99999999.99', '50', '55', '65', '70', '15000', '11000', '65000', '35000', '126000', '2000000', '75000', '37500', '2025-06-19T08:03:13.594Z', '2025-06-19T08:04:13.594Z'),
(1234615, 987000048, 123000048, '1234000048', '30000', '50000', '150000', '99999999.99', '50', '55', '65', '70', '15000', '11000', '65000', '35000', '126000', '2000000', '75000', '37500', '2025-06-19T08:03:13.594Z', '2025-06-19T08:04:13.594Z'),
(1234616, 987000049, 123000049, '1234000049', '30000', '50000', '150000', '99999999.99', '50', '55', '65', '70', '15000', '11000', '65000', '35000', '126000', '2000000', '75000', '37500', '2025-06-19T08:03:13.594Z', '2025-06-19T08:04:13.594Z'),
(1234617, 987000050, 123000050, '1234000050', '30000', '50000', '150000', '99999999.99', '50', '55', '65', '70', '15000', '11000', '65000', '35000', '126000', '2000000', '75000', '37500', '2025-06-19T08:03:13.594Z', '2025-06-19T08:04:13.594Z');

INSERT INTO public.d365 ("calculationId", "paymentPeriod", "paymentReference", "paymentAmount", "marketingYear", "transactionDate") VALUES
(987000001, '2024', 'PY0000001', 37500, '2024', '2025-06-19T08:03:13.594Z'),
(987000002, '2024', 'PY0000002', 37500, '2024', '2025-06-19T08:03:13.594Z'),
(987000003, '2024', 'PY0000003', 37500, '2024', '2025-06-19T08:03:13.594Z'),
(987000004, '2024', 'PY0000004', 37500, '2024', '2025-06-19T08:03:13.594Z'),
(987000005, '2024', 'PY0000005', 37500, '2024', '2025-06-19T08:03:13.594Z'),
(987000006, '2024', 'PY0000006', 37500, '2024', '2025-06-19T08:03:13.594Z'),
(987000007, '2024', 'PY0000007', 37500, '2024', '2025-06-19T08:03:13.594Z'),
(987000008, '2024', 'PY0000008', 37500, '2024', '2025-06-19T08:03:13.594Z'),
(987000009, '2024', 'PY0000009', 37500, '2024', '2025-06-19T08:03:13.594Z'),
(987000010, '2024', 'PY0000010', 37500, '2024', '2025-06-19T08:03:13.594Z'),
(987000011, '2024', 'PY0000011', 37500, '2024', '2025-06-19T08:03:13.594Z'),
(987000012, '2024', 'PY0000012', 37500, '2024', '2025-06-19T08:03:13.594Z'),
(987000013, '2024', 'PY0000013', 37500, '2024', '2025-06-19T08:03:13.594Z'),
(987000014, '2024', 'PY0000014', 37500, '2024', '2025-06-19T08:03:13.594Z'),
(987000015, '2024', 'PY0000015', 37500, '2024', '2025-06-19T08:03:13.594Z'),
(987000016, '2024', 'PY0000016', 37500, '2024', '2025-06-19T08:03:13.594Z'),
(987000017, '2024', 'PY0000017', 37500, '2024', '2025-06-19T08:03:13.594Z'),
(987000018, '2024', 'PY0000018', 37500, '2024', '2025-06-19T08:03:13.594Z'),
(987000019, '2024', 'PY0000019', 37500, '2024', '2025-06-19T08:03:13.594Z'),
(987000020, '2024', 'PY0000020', 37500, '2024', '2025-06-19T08:03:13.594Z'),
(987000021, '2024', 'PY0000021', 37500, '2024', '2025-06-19T08:03:13.594Z'),
(987000022, '2024', 'PY0000022', 37500, '2024', '2025-06-19T08:03:13.594Z'),
(987000023, '2024', 'PY0000023', 37500, '2024', '2025-06-19T08:03:13.594Z'),
(987000024, '2024', 'PY0000024', 37500, '2024', '2025-06-19T08:03:13.594Z'),
(987000025, '2024', 'PY0000025', 37500, '2024', '2025-06-19T08:03:13.594Z'),
(987000026, '2024', 'PY0000026', 37500, '2024', '2025-06-19T08:03:13.594Z'),
(987000027, '2024', 'PY0000027', 37500, '2024', '2025-06-19T08:03:13.594Z'),
(987000028, '2024', 'PY0000028', 37500, '2024', '2025-06-19T08:03:13.594Z'),
(987000029, '2024', 'PY0000029', 37500, '2024', '2025-06-19T08:03:13.594Z'),
(987000030, '2024', 'PY0000030', 37500, '2024', '2025-06-19T08:03:13.594Z'),
(987000031, '2024', 'PY0000031', 37500, '2024', '2025-06-19T08:03:13.594Z'),
(987000032, '2024', 'PY0000032', 37500, '2024', '2025-06-19T08:03:13.594Z'),
(987000033, '2024', 'PY0000033', 37500, '2024', '2025-06-19T08:03:13.594Z'),
(987000034, '2024', 'PY0000034', 37500, '2024', '2025-06-19T08:03:13.594Z'),
(987000035, '2024', 'PY0000035', 37500, '2024', '2025-06-19T08:03:13.594Z'),
(987000036, '2024', 'PY0000036', 37500, '2024', '2025-06-19T08:03:13.594Z'),
(987000037, '2024', 'PY0000037', 37500, '2024', '2025-06-19T08:03:13.594Z'),
(987000038, '2024', 'PY0000038', 37500, '2024', '2025-06-19T08:03:13.594Z'),
(987000039, '2024', 'PY0000039', 37500, '2024', '2025-06-19T08:03:13.594Z'),
(987000040, '2024', 'PY0000040', 37500, '2024', '2025-06-19T08:03:13.594Z'),
(987000041, '2024', 'PY0000041', 37500, '2024', '2025-06-19T08:03:13.594Z'),
(987000042, '2024', 'PY0000042', 37500, '2024', '2025-06-19T08:03:13.594Z'),
(987000043, '2024', 'PY0000043', 37500, '2024', '2025-06-19T08:03:13.594Z'),
(987000044, '2024', 'PY0000044', 37500, '2024', '2025-06-19T08:03:13.594Z'),
(987000045, '2024', 'PY0000045', 37500, '2024', '2025-06-19T08:03:13.594Z'),
(987000046, '2024', 'PY0000046', 37500, '2024', '2025-06-19T08:03:13.594Z'),
(987000047, '2024', 'PY0000047', 37500, '2024', '2025-06-19T08:03:13.594Z'),
(987000048, '2024', 'PY0000048', 37500, '2024', '2025-06-19T08:03:13.594Z'),
(987000049, '2024', 'PY0000049', 37500, '2024', '2025-06-19T08:03:13.594Z'),
(987000050, '2024', 'PY0000050', 37500, '2024', '2025-06-19T08:03:13.594Z');

